one,two
مو لورآل,موی لورال
بیوآکوا,بایوآکوا
نعنا,نعناء
کودک,بچگانه
اورجینال,اصلی
دستگاه فشارسنج,فشار سنج
پوتین ایمنی,کفش کار
پاکت,کیسه
ترکمن,ترکمنی
طلا,طلای
سبزی,سبزیجات
کودک,بچه
C,سی
یمانی,یمنی
مربا,مربای
USB 3.0,USB3.0
اصلاح ریش,صورت تراش
شش تایی,6عددی
فرمان,فرمون
ملحفه,ملافه
speedo,اسپیدو
تابستانی,تابستونی
رینگی یکسر,یکسر رینگ
omron,امرون
ای,ایی
ریحان,ریحون
بادمجان,بادنجان
سایبان,سایه بان
پاییزه,پاییزی
آلوورا,الوئه ورا
هیالورونیک,هیالرونیک
جا,جای
رزین,رزینی
مگنتی,مگنتیک
خورشت,خورش
چهار کاره,4کاره
عرقیات,عرقیجات
فلوئید,فلویید
تخم,دانه
یلدا,یلدایی
سوییشرت,سویشرت
بیوآکوا,بیواکوا
سارافون,سارافن
دخترانه,دخترونه
دکلره,دکلهر
شارژر تایپ سی,شارژ TypeC
روبالشی,روبالشتی
Nike,نایک
نایک,نایکی
لولا,لولای
مینا,میناکاری شده
سوییشرت,سوئیشرت
الشمس,شمس
آمیتیست,آمتیست
نگهدارنده,هولدر
خانگی,خونگی
تابلو ویترا,تابلوی ویترای
RJ45,RJ45LAN
زمستانه,زمستانی
زنگدار,زنگی
ارگان مو,موی آرگان
شستشوی,شستشو
پاک کن,پاکن
فندقی,فندوقی
اسپلیت,کولرگازی
تلویزیون,تی وی
6,شش
آلوئه ورا,آلوورا
یونیکورن,یونیکورنی
صراحی,نرده سنگی
چدن,چدنی
مخزن,منبع
رودوشی,دوشی
قاب موبایل,گارد گوشی
دمپایی,صندل
ساک,کیف
USB 2.0,USB2.0
بابلیس,بابیلیس
در,درب
تاشو سفری,تاشوی مسافرتی
رژ لب doucce,رژلب دوسه
گوشی موبایل,تلفن همراه
پسرانه,پسرونه
سر آستین,سردست
ابزار,لوازم
پژو پرشیا,پژو پارس
کاور,محافظ
انتی,ضد
جاکلیدی,سرکلیدی
خودرو,ماشین
باتری,باطری
علف تراش,علفزن
کاکائو,شکلات
پرژکتور,پروژکتور
شستشوی,شست و شوی
کودک,بچه گانه
مینا,میناکاری
ادکلن,عطر
رفع,درمان
تروبیکا,ترابیکا
استند ارایشی,جای ارایش
e,ای
دستگاه فشارسنج دیجیتال,فشار سنج دیجیتالی
سایز سه,سایز3
تفنگ حرارتی,دستگاه چسب تفنگی
ال ای دی,LED
بذر,تخم
قلم مو,قلمو
آرایشگاهی,آرایشگری
چاقوی سفری,چاقو مسافرتی
دوفاز,دو فاز مو
ایستاده,قدی
a3,آ3
کرواتی,کراواتی
جای جواهرات,جعبه جا جواهری
کمربندار,کمربنددار
بچه,کودکان
اپیلیدی,موکن
پلی استیشن ۴,کنسول بازی ps4
پزشکی,طبی
هیوندای,هیوندایی
برچسبی,چسبی
سرویس,ست
برق لب,لیپ گلاس
انگشتی,لاانگشتی
باشگاهی,ورزشی
حفاظت,محافظت در برابر
راحتی,ریلکس
پلاستیک,نایلون
لیفت کننده,لیفتینگ
ادکلن ادوپرفیوم,ادو پرفیوم
خوردکن,خرد کن
رولکس,Rolex
تایپ سی,TypeC
تکنولوژی,فناوری
کادوئی,کادوی
ادکلن,ادوکلن
دیجیتال,دیجیتالی
ابرسان,آبرساني
رباندوزی,روباندوزی
اینورتر,اینورتری
باکس کادو,جعبه هدیه
آقایان,مردانه
هیالورونیک,هیلارونیک
پاکت جارو برقی,کیسه جاروبرقی
یک,1
ست تابه,سرویس ماهیتابه
کانتور,کانتورینگ
پاییزه,پائیزی
ست دو تیکه,دوتیکه
نگهدارنده گوشی,هولدر موبایل
نعنا,نعناع
میز جلومبلی,جلو مبلی
تورابیکا,ترابیکا
کتانی,کفش کتانی
vgr,وی جی ار
پنج,5
گیر مو,گیره موی
جاادویه ای,جای ادویه
شیرینی پزی,قنادی
راحتی,ریلکسی
ارگانیک,اورگانیک
tv,تلویزیون
دبلیو,w
چرمی,چرم
تابه,ماهیتابه
عطرادکلن,عطر و ادکلن
ویولن,ویولون
تیرگی,سیاهی
شکلاتی,کاکائویی
گردنبند,گردنی
اسپرسوساز,قهوه ساز اسپرسو
مسافرتی,سفری
دستشویی,سرویس بهداشتی
تزیینی,تزئینی
2 نفره,دونفره
خانه,منزل
خردکن,خوردکن
اگلونما,گیاه آگلونما
اتوبخار,اتو بخار برقی
بلوتوثی,بلوتوث
جا رول,جای رولی
آینه,آیینه
آینه,آئینه
اتومات,اتوماتیک
میکروفون,میکروفن
فندق,فندوق
10,ده
a4,آ4
خوشگل,زیبا
پلاریزه,پولاریزه
خودرو,سواری
3 بعدی,3D
شرت,شورت
ویتامین آ,ویتامینA
تریکو بافی,تریکویی
برنج سر لاشه,سرلاشه
سرامیک,سرامیکی
التحریر,تحریر
نعناء,نعناع
تلفن همراه,موبایل
لوازم,ملزومات
جاادویه,ظرف ادویه
آنتی,ضد
قندان,قندون
dsp,دی اس پی
کادوئی,هدیه
زنانه,بانوان
گوشی هوشمند,موبایل
تکنفره,یک نفره
پاییزه,پائیزه
بخارشو,بخارشوی
پکیج,مجموعه
1 مثقال,یک مثقالی
Pro,پرو
اعلا,اعلاء
دو,2
پنکک,پنکیک
شست و شو,شستشو
اشغال,زباله
سرخ کن رژیمی,سرخکن بدون روغن
ناخن,ناخون
یک کیلویی,1000گرمی
BTS,بی تی اس
پالت,پلت
پیراهن پرنسس,لباس پرنسسی
جاسوییچی,سرکلیدی
جین,لی
زیرپوش,زیر پیراهن
جعبه,باکس
عطری,معطر
مینا کاری,میناکاری شده
برگر,همبرگر
ژاکارد,ژاکارت
پرتقال,پرتغال
سیاه,مشکی
لباس کثیف,رخت چرک
ماکارانی,ماکارونی
cat,کاترپیلار
مبل,مبلمان
پادری,دم دری
ترازو اشپزخانه,ترازوی آشپزخانه
قاووت,قوتو
پاکت جاروبرقی,کیسه جارو برقی
چهار,۴
اصل,اورجینال
موی دوفاز,مو دو فاز
جا قرصی,جعبه قرص
باسماتی,باسمتی
توییل,تویل
جاادویه,جای ادویه
باکس کادویی,جعبه هدیه
بالش نوزاد,بالشت نوزادی
تی چرخشی,طی سطلی
برقی,شارژی
هیلارونیک,هیالرونیک
نوتروژینا,نیتروژنا
زیرپوش,زیرپیراهن
جوش اینورتری,جوشکاری اینورتر
یکنفره,تک نفره
ابزار های,لوازم
نیمتنه ورزشی,نیم تنه اسپرت
زغالی,ذغالی
تریکو,تریکویی
حسنا,حسنی
شمعدان,شمعدانی
تی,طی
حاوی,دارای
رختی,لباسی
نمگیر ظرف,نم گیر ظروف
جاسوییچی,جاکلیدی
چراغ,لامپ
دوفاز مو,دو فاز موی
الکترولیت,الکترولیتی
تی شرت شلوارک,ست تیشرت شوارک
جاسوییچی رزین,جاکلیدی رزینی
تایتانیک,TITANIC
روبوستا,روبستا
توییل,توئیل
رژلب,رژ
دونفره,2نفره
دستگاه کارتخوان,کارت خوان
شلنگ,شیلنگ
ارگونومی,ارگونومیکی
مدرسه,مدارسی
دو عددی,2تایی
تن پوش کودک,تنپوش بچه گانه
3,سه
کتانی,کتونی
استند آرایشی,جای آرایش
کادویی,هدیه
توالت,دستشویی
جاادویه ای,ظرف ادویه
بنه,پسته کوهی
دستگاه اسپرسوساز,اسپرسو ساز
جادستمال,جادستمالی
دو نفره,2نفره
اپیلاتور,موکن
چهارکاره,4کاره
لیفتینگ,لیفت
سه بعدی,3بعدی
ترازو دیجیتال,ترازوی دیجیتالی
سریلانکا,سریلانکایی
ست چای,سرویس چایی
ایفوریا,اِفوریا
کامفیروز,کامفیروزی
کودک,کودکان
ماکروویو,مایکروفر
پاکسازی,پاک کننده
نردبام,نردبان
استند,نگهدارنده
ذغال,زغال
قابلیت,امکان
وارمری,وارمر
سایز,سایزبندی
کامبوجا,کامبوچا
رفع سیاهی,درمان تیرگی
اسپورت,اسپرت
آشغال,زباله
Adidas,آدیداس
بیسکویت,بیسکوییت
uv,یو وی
یک,تک
سوییت,سوئیت
کوکسای,لیوان کوکسا
رومانسون,Romanson
گازسوز,گازی
فیس,صورت
تک,تکی
ضد,دافع
مخمل,مخملی
محرم,محرمی
حفاظت,محافظت
قلمکاری,قلم کار
پماد ضد,کرم رفع
کتونی,کفش اسپرت
2XL,XXL
برزیل,برزیلی
آهنربایی,مگنتیک
فرگرانس,فراگرانس
مینیاتور,مینیاتوری
لولا درب,لولای در
استنددار,استندار
کراپ نیمتنه,نیم تنه کراپی
کوهستان,کوهی
ست,پک
سایز,اندازه
چندگیاهی,چند گیاه
تابستانه,تابستانی
آلوورا,آلوئورا
بوتکات,بوت گات
زنگ دار,زنگی
چهارخونه,چهار خانه
موتور جوش,دستگاه جوشکاری
طرح,مدل
مدرسه ای,مدارسی
رفع,ضد
تن ماهی,کنسرو ماهی
گلیتر,گیلیتری
آویز,آویزی
سه بعدی,3D
سوئیچ,سوییچ
اشعه,پرتو
قابل شارژ,شارژی
غذاخوری,ناهار خوری
اسپرت,ورزشی
شهدا,شهیدان
آتشه,آتیشه
tv,تی وی
اسپرت,اسپرتی
بالش,بالشت
سیلیکون,سیلیکونی
دید در شب,دیدشب
عطر,رایحه
نئون,نئونی
اسکاچ,اسکاج
کادو,هدیه
برابر,مقابل
دورسنیه,دورس.ی.ن.ه
A4,a4
کادو,کادوئی
بافت,بافتنی
هفت,7
قورمه,قرمه
اسفند,اسپند
سایز,ابعاد
pvc,پی وی سی
گرانیت,گرانیتی
دروازه بانی,گلری
استودیو,استدیو
برند,مارک
حفاظت از,محافظت کننده در برابر
گوسونیک,گاسونیک
کودک,کودکانه
کراتین,کراتینه
رفع,از بین برنده
20,بیست
چای,چایی
اینوکتا,اینویکتا
پاستیلی,پاستلی
فلاسک,فلاکس
تایپ سی,Type C
زنانه,زنونه
گردان,گردون
جانماز,سجاده
تختخوابشو,تخت شو
شستشو,شست و شوی
جابانی,ژاپنی
نان,نون
مستطیل,مستطیلی
دستبافت,دست باف
مراکش,مراکشی
اعلان ها,اعلانات
گاواردین,گاباردین
تابستانه,تابستونی
ژاکارد,ژکارد
یونجه,ینجه
فنجان,فنجون
uv,یووی
موزیکال,موسیقی
چاپ,چاپی
دونات,دوناتی
سالنی,فوتسال
کالجی,کالج
عمیق,عمقی
دانشجویی,دانشجوئی
لوستر,لوستری
سقف,سقفی
مازراتی,مازاراتی
تویل,توئیل
سلولیت,سلولیتی
بلور,بلوری
دو تیکه,دوتکه
هایلایتر,هایلایت
ضد عرق,ضدتعریق
کریسمسی,کریسمس
مناسبیت,مناسب
هولوگرامی,هلوگرامی
مناسب برای,مناسبیت
ال ای دی,الیدی
گیره مو,گیره سر
شستشوی,شست و شو
در برابر,علیه
حفاظت از,محافظت در برابر
شستشوی,شوینده
چهارخونه,چارخونه
اکریلیک,اکرلیک
تیکه,تکه
کادو,کادویی
کارت اعتباری,کارت بانکی
تعریق,عرق
گل گاوزبان,گاو زبان